 [{
			"id" : 1625006,
			"accountId" : 100213,
			"buyerAccountId" : null,
			"buyerUserId" : null,
			"externalId" : null,
			"programId" : null,
			"isDwellCertified" : false,
			"isAllowOffer" : false,
			"isAllowPreview" : false,
			"isFeatured" : false,
			"isRentGuaranteed" : false,
			"allowRentGuaranteedOptout" : false,
			"isSecuritized" : false,
			"isHot" : true,
			"isNew" : false,
			"isBargain" : false,
			"isDiligenceVaultUnlocked" : false,
			"isPropertyManagerOfferRetain" : false,
			"isHoa" : false,
			"hasAudio" : false,
			"hasDiligenceVaultDocuments" : true,
			"market" : 1007,
			"daysOnMarket" : 617,
			"latitude" : 37.7123300000000,
			"longitude" : -122.4511000000000,
			"propertyName" : null,
			"description" : "",
			"highlights" : null,
			"mainImageUrl" : "https://roofstock-cdn.azureedge.net/public/properties/1625006/photo/ef034b62-47e6-4d44-911c-54a5f3c3270d_image_1387552138145_640.jpg",
			"personalProperties" : null,
			"diligenceVaultSummary" : null,
			"featuredReason" : null,
			"status" : "CertificationRejected",
			"allowedFundingTypes" : "All",
			"allowableSaleTypes" : "Individual, Bulk",
			"visibility" : "None",
			"priceVisibility" : "ShowPrice",
			"propertyType" : "Unspecified",
			"certificationLevel" : null,
			"escrowClosingDate" : null,
			"address" : {
				"address1" : "000-X Moneta Way",
				"address2" : "",
				"city" : "San Francisco",
				"country" : "USA",
				"county" : "test",
				"district" : null,
				"state" : "CA",
				"zip" : "94112",
				"zipPlus4" : null
			},
			"financial" : {
				"capRate" : null,
				"occupancy" : "Occupied",
				"isSection8" : false,
				"leaseStartDate" : "2015-02-01T00:00:00",
				"leaseEndDate" : "2017-01-31T00:00:00",
				"listPrice" : 189000.00,
				"salePrice" : null,
				"marketValue" : null,
				"monthlyHoa" : null,
				"monthlyManagementFees" : null,
				"monthlyRent" : 1599.00,
				"netYield" : null,
				"turnOverFee" : null,
				"rehabCosts" : null,
				"rehabDate" : null,
				"yearlyInsuranceCost" : 600.00,
				"yearlyPropertyTaxes" : 8000.00,
				"isCashOnly" : false
			},
			"physical" : {
				"bathRooms" : 2.5,
				"bedRooms" : 2.0,
				"parcelNumber" : "",
				"isPool" : false,
				"lotSize" : null,
				"squareFeet" : 1200,
				"stories" : null,
				"units" : null,
				"yearBuilt" : 1952,
				"zipYearBuilt" : null
			},
			"score" : {
				"conditionScore" : null,
				"crimeScore" : "",
				"neighborhoodScore" : 4,
				"overallScore" : null,
				"qualityScore" : null,
				"schoolScore" : "",
				"charterSchoolScore" : "",
				"floodRiskScore" : "",
				"walkabilityScore" : null
			},
			"valuation" : {
				"avmBpoValue" : null,
				"avmBpoAdjValue" : null,
				"avmBpoDate" : null,
				"rsAvmValue" : 200000.00,
				"rsAvmDate" : null,
				"rsBpoMergeValue" : null
			},
			"resources" : {
				"photos" : [{
						"id" : 110007,
						"guid" : "ef034b62-47e6-4d44-911c-54a5f3c3270d",
						"resourceType" : "PropertyPhoto",
						"isPublic" : true,
						"description" : null,
						"filename" : "image_1387552138145_1280.jpg",
						"sizeInByte" : null,
						"contentType" : "image/jpeg",
						"url" : "https://roofstock-cdn.azureedge.net/public/properties/1625006/photo/ef034b62-47e6-4d44-911c-54a5f3c3270d_image_1387552138145_1280.jpg",
						"urlMedium" : "https://roofstock-cdn.azureedge.net/public/properties/1625006/photo/ef034b62-47e6-4d44-911c-54a5f3c3270d_image_1387552138145_640.jpg",
						"urlSmall" : "https://roofstock-cdn.azureedge.net/public/properties/1625006/photo/ef034b62-47e6-4d44-911c-54a5f3c3270d_image_1387552138145_320.jpg",
						"textContent" : null
					}, {
						"id" : 110009,
						"guid" : "241378bb-4a9e-4715-9a54-570662f0c397",
						"resourceType" : "PropertyPhoto",
						"isPublic" : true,
						"description" : null,
						"filename" : "image_1387552141964_1280.jpg",
						"sizeInByte" : null,
						"contentType" : "image/jpeg",
						"url" : "https://roofstock-cdn.azureedge.net/public/properties/1625006/photo/241378bb-4a9e-4715-9a54-570662f0c397_image_1387552141964_1280.jpg",
						"urlMedium" : "https://roofstock-cdn.azureedge.net/public/properties/1625006/photo/241378bb-4a9e-4715-9a54-570662f0c397_image_1387552141964_640.jpg",
						"urlSmall" : "https://roofstock-cdn.azureedge.net/public/properties/1625006/photo/241378bb-4a9e-4715-9a54-570662f0c397_image_1387552141964_320.jpg",
						"textContent" : null
					}, {
						"id" : 110011,
						"guid" : "edacfedc-e8c3-48b3-bbcd-2ab8a2dc913e",
						"resourceType" : "PropertyPhoto",
						"isPublic" : true,
						"description" : null,
						"filename" : "image_1387552143775_1280.jpg",
						"sizeInByte" : null,
						"contentType" : "image/jpeg",
						"url" : "https://roofstock-cdn.azureedge.net/public/properties/1625006/photo/edacfedc-e8c3-48b3-bbcd-2ab8a2dc913e_image_1387552143775_1280.jpg",
						"urlMedium" : "https://roofstock-cdn.azureedge.net/public/properties/1625006/photo/edacfedc-e8c3-48b3-bbcd-2ab8a2dc913e_image_1387552143775_640.jpg",
						"urlSmall" : "https://roofstock-cdn.azureedge.net/public/properties/1625006/photo/edacfedc-e8c3-48b3-bbcd-2ab8a2dc913e_image_1387552143775_320.jpg",
						"textContent" : null
					}, {
						"id" : 110013,
						"guid" : "cffaf6b7-0d88-4f5e-a7c1-2eea5a340b47",
						"resourceType" : "PropertyPhoto",
						"isPublic" : true,
						"description" : null,
						"filename" : "image_1387552146102_1280.jpg",
						"sizeInByte" : null,
						"contentType" : "image/jpeg",
						"url" : "https://roofstock-cdn.azureedge.net/public/properties/1625006/photo/cffaf6b7-0d88-4f5e-a7c1-2eea5a340b47_image_1387552146102_1280.jpg",
						"urlMedium" : "https://roofstock-cdn.azureedge.net/public/properties/1625006/photo/cffaf6b7-0d88-4f5e-a7c1-2eea5a340b47_image_1387552146102_640.jpg",
						"urlSmall" : "https://roofstock-cdn.azureedge.net/public/properties/1625006/photo/cffaf6b7-0d88-4f5e-a7c1-2eea5a340b47_image_1387552146102_320.jpg",
						"textContent" : null
					}, {
						"id" : 110015,
						"guid" : "e5a38ffb-dff0-4404-a8c5-ec15a0d7e2b8",
						"resourceType" : "PropertyPhoto",
						"isPublic" : true,
						"description" : null,
						"filename" : "image_1387552150042_1280.jpg",
						"sizeInByte" : null,
						"contentType" : "image/jpeg",
						"url" : "https://roofstock-cdn.azureedge.net/public/properties/1625006/photo/e5a38ffb-dff0-4404-a8c5-ec15a0d7e2b8_image_1387552150042_1280.jpg",
						"urlMedium" : "https://roofstock-cdn.azureedge.net/public/properties/1625006/photo/e5a38ffb-dff0-4404-a8c5-ec15a0d7e2b8_image_1387552150042_640.jpg",
						"urlSmall" : "https://roofstock-cdn.azureedge.net/public/properties/1625006/photo/e5a38ffb-dff0-4404-a8c5-ec15a0d7e2b8_image_1387552150042_320.jpg",
						"textContent" : null
					}, {
						"id" : 110017,
						"guid" : "bb9b2c88-6ee1-42ff-8260-e98ebd5bcd3c",
						"resourceType" : "PropertyPhoto",
						"isPublic" : true,
						"description" : null,
						"filename" : "image_1387552150575_1280.jpg",
						"sizeInByte" : null,
						"contentType" : "image/jpeg",
						"url" : "https://roofstock-cdn.azureedge.net/public/properties/1625006/photo/bb9b2c88-6ee1-42ff-8260-e98ebd5bcd3c_image_1387552150575_1280.jpg",
						"urlMedium" : "https://roofstock-cdn.azureedge.net/public/properties/1625006/photo/bb9b2c88-6ee1-42ff-8260-e98ebd5bcd3c_image_1387552150575_640.jpg",
						"urlSmall" : "https://roofstock-cdn.azureedge.net/public/properties/1625006/photo/bb9b2c88-6ee1-42ff-8260-e98ebd5bcd3c_image_1387552150575_320.jpg",
						"textContent" : null
					}
				],
				"floorPlans" : [{
						"id" : 110005,
						"guid" : "11d6adae-5cd3-4f26-b25c-f9e7a86e7d29",
						"resourceType" : "PropertyFloorPlan",
						"isPublic" : true,
						"description" : null,
						"filename" : "215 Chiquita Cape Coral - no logo_1280.jpg",
						"sizeInByte" : null,
						"contentType" : "image/jpeg",
						"url" : "https://roofstock-cdn.azureedge.net/public/properties/1625006/photo/11d6adae-5cd3-4f26-b25c-f9e7a86e7d29_215_Chiquita_Cape_Coral_-_no_logo_1280.jpg",
						"urlMedium" : "https://roofstock-cdn.azureedge.net/public/properties/1625006/photo/11d6adae-5cd3-4f26-b25c-f9e7a86e7d29_215_Chiquita_Cape_Coral_-_no_logo_640.jpg",
						"urlSmall" : "https://roofstock-cdn.azureedge.net/public/properties/1625006/photo/11d6adae-5cd3-4f26-b25c-f9e7a86e7d29_215_Chiquita_Cape_Coral_-_no_logo_320.jpg",
						"textContent" : null
					}
				],
				"threeDRenderings" : [],
				"audios" : []
			},
			"manager" : null,
			"seller" : null,
			"sellerBroker" : null,
			"hoa" : null,
			"lease" : {
				"leaseSummary" : {
					"occupancy" : "Occupied",
					"leasingStatus" : null,
					"marketedRent" : null,
					"paymentStatus" : null,
					"leaseStartDate" : "2015-02-01T00:00:00",
					"leaseEndDate" : "2017-01-31T00:00:00",
					"monthlyRent" : 1599.00,
					"securityDepositAmount" : null,
					"hasPet" : null,
					"petFeeAmount" : null,
					"isPetsDeposit" : false,
					"petsDepositAmount" : null,
					"isLeaseConcessions" : false,
					"isRentersInsuranceRequired" : false,
					"isSection8" : false,
					"isTenantBackgroundChecked" : false,
					"isTenantIncomeAbove3x" : false,
					"isTenantMayTerminateEarly" : null,
					"isTenantPurchaseOption" : null
				},
				"utilitiesOwnership" : {
					"electric" : "Unspecified",
					"gas" : "Unspecified",
					"water" : "Unspecified",
					"garbage" : "Unspecified",
					"pool" : "Unspecified",
					"landscaping" : "Unspecified",
					"pestControl" : "Unspecified"
				},
				"applianceOwnership" : {
					"refrigerator" : "Unspecified",
					"dishwasher" : "Unspecified",
					"washer" : "Unspecified",
					"dryer" : "Unspecified",
					"microwave" : "Unspecified",
					"stove" : "Unspecified"
				}
			},
			"diligences" : [],
			"googleMapOption" : {
				"hasStreetView" : true,
				"povHeading" : 335,
				"povPitch" : 0,
				"povLatitude" : 37.7127533000000,
				"povLongitude" : -122.4489656000000
			},
			"inspectionType" : null
		}, {
			"id" : 1625007,
			"accountId" : 100214,
			"buyerAccountId" : 100247,
			"buyerUserId" : 100350,
			"externalId" : null,
			"programId" : null,
			"isDwellCertified" : false,
			"isAllowOffer" : false,
			"isAllowPreview" : false,
			"isFeatured" : false,
			"isRentGuaranteed" : false,
			"allowRentGuaranteedOptout" : false,
			"isSecuritized" : false,
			"isHot" : true,
			"isNew" : false,
			"isBargain" : false,
			"isDiligenceVaultUnlocked" : false,
			"isPropertyManagerOfferRetain" : false,
			"isHoa" : false,
			"hasAudio" : false,
			"hasDiligenceVaultDocuments" : true,
			"market" : 1001,
			"daysOnMarket" : 56,
			"latitude" : 28.0102200000000,
			"longitude" : -80.6594500000000,
			"propertyName" : null,
			"description" : "\r\n* List price is approximately 60% of peak value from late 2006\r\n* Estimated market rent is $165/month above current rent\r\n* 10 miles from Florida Institute of Technology & 15 miles from Melbourne Beach\r\n",
			"highlights" : null,
			"mainImageUrl" : "https://roofstock-cdn.azureedge.net/public/properties/1625007/photo/93c9795a-54db-4bca-8d53-2e021b5d64fb_1-_Front_640.jpg",
			"personalProperties" : null,
			"diligenceVaultSummary" : "<ul><li>Property Valuation:<br/>$117,000</li><li>Estimated Market Rent: $1,150</li><li>Inspection Report:<br/>Estimated Repairs: $1,100</li></ul>",
			"featuredReason" : null,
			"status" : "Sold",
			"allowedFundingTypes" : "All",
			"allowableSaleTypes" : "Individual, Bulk",
			"visibility" : "Public",
			"priceVisibility" : "ShowPrice",
			"propertyType" : "Unspecified",
			"certificationLevel" : "Certified",
			"escrowClosingDate" : "2016-03-06T00:00:00Z",
			"address" : {
				"address1" : "524 Burlington Avenue NE",
				"address2" : null,
				"city" : "Palm Bay",
				"country" : "USA",
				"county" : null,
				"district" : null,
				"state" : "FL",
				"zip" : "32907",
				"zipPlus4" : null
			},
			"financial" : {
				"capRate" : null,
				"occupancy" : "Occupied",
				"isSection8" : false,
				"leaseStartDate" : "2015-02-13T00:00:00",
				"leaseEndDate" : "2016-02-12T00:00:00",
				"listPrice" : 107000.00,
				"salePrice" : null,
				"marketValue" : null,
				"monthlyHoa" : null,
				"monthlyManagementFees" : null,
				"monthlyRent" : 895.00,
				"netYield" : null,
				"turnOverFee" : null,
				"rehabCosts" : null,
				"rehabDate" : null,
				"yearlyInsuranceCost" : 999.00,
				"yearlyPropertyTaxes" : 2349.00,
				"isCashOnly" : false
			},
			"physical" : {
				"bathRooms" : 2.0,
				"bedRooms" : 4.0,
				"parcelNumber" : "28 3731FR001790001200",
				"isPool" : false,
				"lotSize" : 15681,
				"squareFeet" : 1512,
				"stories" : null,
				"units" : null,
				"yearBuilt" : 1980,
				"zipYearBuilt" : null
			},
			"score" : {
				"conditionScore" : null,
				"crimeScore" : "B",
				"neighborhoodScore" : 4,
				"overallScore" : null,
				"qualityScore" : null,
				"schoolScore" : "B",
				"charterSchoolScore" : null,
				"floodRiskScore" : null,
				"walkabilityScore" : null
			},
			"valuation" : {
				"avmBpoValue" : null,
				"avmBpoAdjValue" : null,
				"avmBpoDate" : null,
				"rsAvmValue" : 120000.00,
				"rsAvmDate" : null,
				"rsBpoMergeValue" : 117000.00
			},
			"resources" : {
				"photos" : [{
						"id" : 122525,
						"guid" : "93c9795a-54db-4bca-8d53-2e021b5d64fb",
						"resourceType" : "PropertyPhoto",
						"isPublic" : true,
						"description" : null,
						"filename" : "1- Front_1280.jpg",
						"sizeInByte" : null,
						"contentType" : "image/jpeg",
						"url" : "https://roofstock-cdn.azureedge.net/public/properties/1625007/photo/93c9795a-54db-4bca-8d53-2e021b5d64fb_1-_Front_1280.jpg",
						"urlMedium" : "https://roofstock-cdn.azureedge.net/public/properties/1625007/photo/93c9795a-54db-4bca-8d53-2e021b5d64fb_1-_Front_640.jpg",
						"urlSmall" : "https://roofstock-cdn.azureedge.net/public/properties/1625007/photo/93c9795a-54db-4bca-8d53-2e021b5d64fb_1-_Front_320.jpg",
						"textContent" : null
					}, {
						"id" : 122527,
						"guid" : "c4a11ed8-4aa7-4da8-b3ee-9e8e278bd2b1",
						"resourceType" : "PropertyPhoto",
						"isPublic" : true,
						"description" : null,
						"filename" : "2 - dinning room_1280.jpg",
						"sizeInByte" : null,
						"contentType" : "image/jpeg",
						"url" : "https://roofstock-cdn.azureedge.net/public/properties/1625007/photo/c4a11ed8-4aa7-4da8-b3ee-9e8e278bd2b1_2_-_dinning_room_1280.jpg",
						"urlMedium" : "https://roofstock-cdn.azureedge.net/public/properties/1625007/photo/c4a11ed8-4aa7-4da8-b3ee-9e8e278bd2b1_2_-_dinning_room_640.jpg",
						"urlSmall" : "https://roofstock-cdn.azureedge.net/public/properties/1625007/photo/c4a11ed8-4aa7-4da8-b3ee-9e8e278bd2b1_2_-_dinning_room_320.jpg",
						"textContent" : null
					}, {
						"id" : 122529,
						"guid" : "78ac2c8b-391b-4431-a67b-6e07f9124a98",
						"resourceType" : "PropertyPhoto",
						"isPublic" : true,
						"description" : null,
						"filename" : "3 - living_1280.jpg",
						"sizeInByte" : null,
						"contentType" : "image/jpeg",
						"url" : "https://roofstock-cdn.azureedge.net/public/properties/1625007/photo/78ac2c8b-391b-4431-a67b-6e07f9124a98_3_-_living_1280.jpg",
						"urlMedium" : "https://roofstock-cdn.azureedge.net/public/properties/1625007/photo/78ac2c8b-391b-4431-a67b-6e07f9124a98_3_-_living_640.jpg",
						"urlSmall" : "https://roofstock-cdn.azureedge.net/public/properties/1625007/photo/78ac2c8b-391b-4431-a67b-6e07f9124a98_3_-_living_320.jpg",
						"textContent" : null
					}, {
						"id" : 122531,
						"guid" : "dc8906b0-e6b0-4b71-b89f-8119f8e85ab3",
						"resourceType" : "PropertyPhoto",
						"isPublic" : true,
						"description" : null,
						"filename" : "4 - living room_1280.jpg",
						"sizeInByte" : null,
						"contentType" : "image/jpeg",
						"url" : "https://roofstock-cdn.azureedge.net/public/properties/1625007/photo/dc8906b0-e6b0-4b71-b89f-8119f8e85ab3_4_-_living_room_1280.jpg",
						"urlMedium" : "https://roofstock-cdn.azureedge.net/public/properties/1625007/photo/dc8906b0-e6b0-4b71-b89f-8119f8e85ab3_4_-_living_room_640.jpg",
						"urlSmall" : "https://roofstock-cdn.azureedge.net/public/properties/1625007/photo/dc8906b0-e6b0-4b71-b89f-8119f8e85ab3_4_-_living_room_320.jpg",
						"textContent" : null
					}, {
						"id" : 122533,
						"guid" : "23775248-876a-424d-8c87-076ffb57f864",
						"resourceType" : "PropertyPhoto",
						"isPublic" : true,
						"description" : null,
						"filename" : "5 - 524 Burlington Ave NE (2)_1280.jpg",
						"sizeInByte" : null,
						"contentType" : "image/jpeg",
						"url" : "https://roofstock-cdn.azureedge.net/public/properties/1625007/photo/23775248-876a-424d-8c87-076ffb57f864_5_-_524_Burlington_Ave_NE_(2)_1280.jpg",
						"urlMedium" : "https://roofstock-cdn.azureedge.net/public/properties/1625007/photo/23775248-876a-424d-8c87-076ffb57f864_5_-_524_Burlington_Ave_NE_(2)_640.jpg",
						"urlSmall" : "https://roofstock-cdn.azureedge.net/public/properties/1625007/photo/23775248-876a-424d-8c87-076ffb57f864_5_-_524_Burlington_Ave_NE_(2)_320.jpg",
						"textContent" : null
					}, {
						"id" : 122535,
						"guid" : "5b3ffc2c-e22c-4d1f-a885-f0d224cd9558",
						"resourceType" : "PropertyPhoto",
						"isPublic" : true,
						"description" : null,
						"filename" : "6 bathrm_1280.jpg",
						"sizeInByte" : null,
						"contentType" : "image/jpeg",
						"url" : "https://roofstock-cdn.azureedge.net/public/properties/1625007/photo/5b3ffc2c-e22c-4d1f-a885-f0d224cd9558_6_bathrm_1280.jpg",
						"urlMedium" : "https://roofstock-cdn.azureedge.net/public/properties/1625007/photo/5b3ffc2c-e22c-4d1f-a885-f0d224cd9558_6_bathrm_640.jpg",
						"urlSmall" : "https://roofstock-cdn.azureedge.net/public/properties/1625007/photo/5b3ffc2c-e22c-4d1f-a885-f0d224cd9558_6_bathrm_320.jpg",
						"textContent" : null
					}
				],
				"floorPlans" : [{
						"id" : 118673,
						"guid" : "4cbef504-cb56-47ef-a0ce-868f49582a12",
						"resourceType" : "PropertyFloorPlan",
						"isPublic" : true,
						"description" : null,
						"filename" : "im-524-burlington_1280.jpg",
						"sizeInByte" : null,
						"contentType" : "image/jpeg",
						"url" : "https://roofstock-cdn.azureedge.net/public/properties/1625007/photo/4cbef504-cb56-47ef-a0ce-868f49582a12_im-524-burlington_1280.jpg",
						"urlMedium" : "https://roofstock-cdn.azureedge.net/public/properties/1625007/photo/4cbef504-cb56-47ef-a0ce-868f49582a12_im-524-burlington_640.jpg",
						"urlSmall" : "https://roofstock-cdn.azureedge.net/public/properties/1625007/photo/4cbef504-cb56-47ef-a0ce-868f49582a12_im-524-burlington_320.jpg",
						"textContent" : null
					}
				],
				"threeDRenderings" : [{
						"id" : 118675,
						"guid" : "12d712e5-bf21-42a4-bc9d-83fa5224e8a4",
						"resourceType" : "Property3DTour",
						"isPublic" : true,
						"description" : null,
						"filename" : "524_BurlingtonAveNE_480p.mp4",
						"sizeInByte" : null,
						"contentType" : "application/octet-stream",
						"url" : "https://rs1pub1content.blob.core.windows.net/public/properties/1625007/photo/12d712e5-bf21-42a4-bc9d-83fa5224e8a4_524_BurlingtonAveNE_480p.mp4",
						"urlMedium" : null,
						"urlSmall" : null,
						"textContent" : null
					}
				],
				"audios" : []
			},
			"manager" : null,
			"seller" : null,
			"sellerBroker" : null,
			"hoa" : null,
			"lease" : {
				"leaseSummary" : {
					"occupancy" : "Occupied",
					"leasingStatus" : null,
					"marketedRent" : null,
					"paymentStatus" : "Current",
					"leaseStartDate" : "2015-02-13T00:00:00",
					"leaseEndDate" : "2016-02-12T00:00:00",
					"monthlyRent" : 895.00,
					"securityDepositAmount" : 895.00,
					"hasPet" : null,
					"petFeeAmount" : null,
					"isPetsDeposit" : false,
					"petsDepositAmount" : null,
					"isLeaseConcessions" : null,
					"isRentersInsuranceRequired" : true,
					"isSection8" : false,
					"isTenantBackgroundChecked" : true,
					"isTenantIncomeAbove3x" : true,
					"isTenantMayTerminateEarly" : null,
					"isTenantPurchaseOption" : null
				},
				"utilitiesOwnership" : {
					"electric" : "Tenant",
					"gas" : "Tenant",
					"water" : "Tenant",
					"garbage" : "Tenant",
					"pool" : "NotApplicable",
					"landscaping" : "Tenant",
					"pestControl" : "Tenant"
				},
				"applianceOwnership" : {
					"refrigerator" : "Owner",
					"dishwasher" : "Owner",
					"washer" : "Tenant",
					"dryer" : "Tenant",
					"microwave" : "Tenant",
					"stove" : "Owner"
				}
			},
			"diligences" : [],
			"googleMapOption" : {
				"hasStreetView" : true,
				"povHeading" : -86,
				"povPitch" : 0,
				"povLatitude" : 28.0102160000000,
				"povLongitude" : -80.6594450000000
			},
			"inspectionType" : null
		}, {
			"id" : 1625008,
			"accountId" : 0,
			"buyerAccountId" : null,
			"buyerUserId" : null,
			"externalId" : null,
			"programId" : null,
			"isDwellCertified" : false,
			"isAllowOffer" : false,
			"isAllowPreview" : false,
			"isFeatured" : false,
			"isRentGuaranteed" : false,
			"allowRentGuaranteedOptout" : false,
			"isSecuritized" : false,
			"isHot" : false,
			"isNew" : false,
			"isBargain" : null,
			"isDiligenceVaultUnlocked" : false,
			"isPropertyManagerOfferRetain" : null,
			"isHoa" : null,
			"hasAudio" : false,
			"hasDiligenceVaultDocuments" : false,
			"market" : 1001,
			"daysOnMarket" : null,
			"latitude" : null,
			"longitude" : null,
			"propertyName" : null,
			"description" : null,
			"highlights" : null,
			"mainImageUrl" : null,
			"personalProperties" : null,
			"diligenceVaultSummary" : null,
			"featuredReason" : null,
			"status" : "OffMarket",
			"allowedFundingTypes" : null,
			"allowableSaleTypes" : null,
			"visibility" : "None",
			"priceVisibility" : "ShowPrice",
			"propertyType" : "Unspecified",
			"certificationLevel" : null,
			"escrowClosingDate" : null,
			"address" : {
				"address1" : "935 Alabama Street",
				"address2" : null,
				"city" : "Titusville",
				"country" : "USA",
				"county" : "Brevard",
				"district" : null,
				"state" : "FL",
				"zip" : "32796",
				"zipPlus4" : null
			},
			"financial" : null,
			"physical" : null,
			"score" : null,
			"valuation" : null,
			"resources" : null,
			"manager" : null,
			"seller" : null,
			"sellerBroker" : null,
			"hoa" : null,
			"lease" : null,
			"diligences" : null,
			"googleMapOption" : null,
			"inspectionType" : null
		}, {
			"id" : 1625009,
			"accountId" : 100214,
			"buyerAccountId" : 100247,
			"buyerUserId" : 100350,
			"externalId" : null,
			"programId" : null,
			"isDwellCertified" : false,
			"isAllowOffer" : false,
			"isAllowPreview" : false,
			"isFeatured" : false,
			"isRentGuaranteed" : false,
			"allowRentGuaranteedOptout" : false,
			"isSecuritized" : false,
			"isHot" : true,
			"isNew" : false,
			"isBargain" : false,
			"isDiligenceVaultUnlocked" : false,
			"isPropertyManagerOfferRetain" : false,
			"isHoa" : false,
			"hasAudio" : false,
			"hasDiligenceVaultDocuments" : true,
			"market" : 1001,
			"daysOnMarket" : 56,
			"latitude" : 28.0191000000000,
			"longitude" : -80.7250400000000,
			"propertyName" : null,
			"description" : "\r\n* List price is approximately 60% of peak value from late 2006\r\n* Estimated market rent is $150/month above current rent\r\n* 10 miles from Florida Institute of Technology & 15 miles from Melbourne Beach\r\n",
			"highlights" : null,
			"mainImageUrl" : "https://roofstock-cdn.azureedge.net/public/properties/1625009/photo/52f33546-ce40-4611-9b8a-619a094b990a_1_-_front_img1366x768-0_640.jpg",
			"personalProperties" : null,
			"diligenceVaultSummary" : "<ul><li>Property Valuation:<br/>$109,000</li><li>Estimated Market Rent: $1,050</li><li>Inspection Report:<br/>Estimated Repairs: $1,000</li></ul>",
			"featuredReason" : null,
			"status" : "Sold",
			"allowedFundingTypes" : "All",
			"allowableSaleTypes" : "Individual, Bulk",
			"visibility" : "Public",
			"priceVisibility" : "ShowPrice",
			"propertyType" : "Unspecified",
			"certificationLevel" : "Certified",
			"escrowClosingDate" : "2016-03-06T00:00:00Z",
			"address" : {
				"address1" : "1762 NW Glenridge Street",
				"address2" : null,
				"city" : "Palm Bay",
				"country" : "USA",
				"county" : null,
				"district" : null,
				"state" : "FL",
				"zip" : "32907",
				"zipPlus4" : null
			},
			"financial" : {
				"capRate" : null,
				"occupancy" : "Occupied",
				"isSection8" : false,
				"leaseStartDate" : "2014-12-01T00:00:00",
				"leaseEndDate" : "2016-01-31T00:00:00",
				"listPrice" : 102000.00,
				"salePrice" : null,
				"marketValue" : null,
				"monthlyHoa" : null,
				"monthlyManagementFees" : null,
				"monthlyRent" : 850.00,
				"netYield" : null,
				"turnOverFee" : null,
				"rehabCosts" : null,
				"rehabDate" : null,
				"yearlyInsuranceCost" : 999.00,
				"yearlyPropertyTaxes" : 2084.00,
				"isCashOnly" : false
			},
			"physical" : {
				"bathRooms" : 2.0,
				"bedRooms" : 3.0,
				"parcelNumber" : "28 3628KN019190000200",
				"isPool" : false,
				"lotSize" : 10018,
				"squareFeet" : 1270,
				"stories" : null,
				"units" : null,
				"yearBuilt" : 1986,
				"zipYearBuilt" : null
			},
			"score" : {
				"conditionScore" : null,
				"crimeScore" : "B",
				"neighborhoodScore" : 4,
				"overallScore" : null,
				"qualityScore" : null,
				"schoolScore" : "B-",
				"charterSchoolScore" : null,
				"floodRiskScore" : null,
				"walkabilityScore" : null
			},
			"valuation" : {
				"avmBpoValue" : null,
				"avmBpoAdjValue" : null,
				"avmBpoDate" : null,
				"rsAvmValue" : 106000.00,
				"rsAvmDate" : null,
				"rsBpoMergeValue" : 109000.00
			},
			"resources" : {
				"photos" : [{
						"id" : 122537,
						"guid" : "52f33546-ce40-4611-9b8a-619a094b990a",
						"resourceType" : "PropertyPhoto",
						"isPublic" : true,
						"description" : null,
						"filename" : "1 - front img1366x768-0_1280.jpg",
						"sizeInByte" : null,
						"contentType" : "image/jpeg",
						"url" : "https://roofstock-cdn.azureedge.net/public/properties/1625009/photo/52f33546-ce40-4611-9b8a-619a094b990a_1_-_front_img1366x768-0_1280.jpg",
						"urlMedium" : "https://roofstock-cdn.azureedge.net/public/properties/1625009/photo/52f33546-ce40-4611-9b8a-619a094b990a_1_-_front_img1366x768-0_640.jpg",
						"urlSmall" : "https://roofstock-cdn.azureedge.net/public/properties/1625009/photo/52f33546-ce40-4611-9b8a-619a094b990a_1_-_front_img1366x768-0_320.jpg",
						"textContent" : null
					}, {
						"id" : 122539,
						"guid" : "8557140b-0e71-4f05-ab2f-93dec5f02b56",
						"resourceType" : "PropertyPhoto",
						"isPublic" : true,
						"description" : null,
						"filename" : "2 - kitchen_1280.jpg",
						"sizeInByte" : null,
						"contentType" : "image/jpeg",
						"url" : "https://roofstock-cdn.azureedge.net/public/properties/1625009/photo/8557140b-0e71-4f05-ab2f-93dec5f02b56_2_-_kitchen_1280.jpg",
						"urlMedium" : "https://roofstock-cdn.azureedge.net/public/properties/1625009/photo/8557140b-0e71-4f05-ab2f-93dec5f02b56_2_-_kitchen_640.jpg",
						"urlSmall" : "https://roofstock-cdn.azureedge.net/public/properties/1625009/photo/8557140b-0e71-4f05-ab2f-93dec5f02b56_2_-_kitchen_320.jpg",
						"textContent" : null
					}, {
						"id" : 122541,
						"guid" : "364feb01-42ec-4e28-a8a9-878a3a695a5d",
						"resourceType" : "PropertyPhoto",
						"isPublic" : true,
						"description" : null,
						"filename" : "3 - dinning_1280.jpg",
						"sizeInByte" : null,
						"contentType" : "image/jpeg",
						"url" : "https://roofstock-cdn.azureedge.net/public/properties/1625009/photo/364feb01-42ec-4e28-a8a9-878a3a695a5d_3_-_dinning_1280.jpg",
						"urlMedium" : "https://roofstock-cdn.azureedge.net/public/properties/1625009/photo/364feb01-42ec-4e28-a8a9-878a3a695a5d_3_-_dinning_640.jpg",
						"urlSmall" : "https://roofstock-cdn.azureedge.net/public/properties/1625009/photo/364feb01-42ec-4e28-a8a9-878a3a695a5d_3_-_dinning_320.jpg",
						"textContent" : null
					}, {
						"id" : 122543,
						"guid" : "ca8e2c24-2820-4e6e-b6f9-f05aeb48b3ff",
						"resourceType" : "PropertyPhoto",
						"isPublic" : true,
						"description" : null,
						"filename" : "4 - 1359 Carr Circle NE-2_1280.jpg",
						"sizeInByte" : null,
						"contentType" : "image/jpeg",
						"url" : "https://roofstock-cdn.azureedge.net/public/properties/1625009/photo/ca8e2c24-2820-4e6e-b6f9-f05aeb48b3ff_4_-_1359_Carr_Circle_NE-2_1280.jpg",
						"urlMedium" : "https://roofstock-cdn.azureedge.net/public/properties/1625009/photo/ca8e2c24-2820-4e6e-b6f9-f05aeb48b3ff_4_-_1359_Carr_Circle_NE-2_640.jpg",
						"urlSmall" : "https://roofstock-cdn.azureedge.net/public/properties/1625009/photo/ca8e2c24-2820-4e6e-b6f9-f05aeb48b3ff_4_-_1359_Carr_Circle_NE-2_320.jpg",
						"textContent" : null
					}, {
						"id" : 122545,
						"guid" : "e76e122a-ec14-4b0b-8ad6-cc2a36572f18",
						"resourceType" : "PropertyPhoto",
						"isPublic" : true,
						"description" : null,
						"filename" : "5- Living room_1280.jpg",
						"sizeInByte" : null,
						"contentType" : "image/jpeg",
						"url" : "https://roofstock-cdn.azureedge.net/public/properties/1625009/photo/e76e122a-ec14-4b0b-8ad6-cc2a36572f18_5-_Living_room_1280.jpg",
						"urlMedium" : "https://roofstock-cdn.azureedge.net/public/properties/1625009/photo/e76e122a-ec14-4b0b-8ad6-cc2a36572f18_5-_Living_room_640.jpg",
						"urlSmall" : "https://roofstock-cdn.azureedge.net/public/properties/1625009/photo/e76e122a-ec14-4b0b-8ad6-cc2a36572f18_5-_Living_room_320.jpg",
						"textContent" : null
					}, {
						"id" : 122547,
						"guid" : "04f77933-0c02-4d5a-9a9b-188c41907649",
						"resourceType" : "PropertyPhoto",
						"isPublic" : true,
						"description" : null,
						"filename" : "7 - master bath_1280.jpg",
						"sizeInByte" : null,
						"contentType" : "image/jpeg",
						"url" : "https://roofstock-cdn.azureedge.net/public/properties/1625009/photo/04f77933-0c02-4d5a-9a9b-188c41907649_7_-_master_bath_1280.jpg",
						"urlMedium" : "https://roofstock-cdn.azureedge.net/public/properties/1625009/photo/04f77933-0c02-4d5a-9a9b-188c41907649_7_-_master_bath_640.jpg",
						"urlSmall" : "https://roofstock-cdn.azureedge.net/public/properties/1625009/photo/04f77933-0c02-4d5a-9a9b-188c41907649_7_-_master_bath_320.jpg",
						"textContent" : null
					}, {
						"id" : 122549,
						"guid" : "946a6744-604d-4b7a-a741-196b49da4422",
						"resourceType" : "PropertyPhoto",
						"isPublic" : true,
						"description" : null,
						"filename" : "8bedroon view_1280.jpg",
						"sizeInByte" : null,
						"contentType" : "image/jpeg",
						"url" : "https://roofstock-cdn.azureedge.net/public/properties/1625009/photo/946a6744-604d-4b7a-a741-196b49da4422_8bedroon_view_1280.jpg",
						"urlMedium" : "https://roofstock-cdn.azureedge.net/public/properties/1625009/photo/946a6744-604d-4b7a-a741-196b49da4422_8bedroon_view_640.jpg",
						"urlSmall" : "https://roofstock-cdn.azureedge.net/public/properties/1625009/photo/946a6744-604d-4b7a-a741-196b49da4422_8bedroon_view_320.jpg",
						"textContent" : null
					}, {
						"id" : 122551,
						"guid" : "a5eccfbf-b72d-4f6b-8aae-a7ce9c0f3725",
						"resourceType" : "PropertyPhoto",
						"isPublic" : true,
						"description" : null,
						"filename" : "9-back porch_1280.jpg",
						"sizeInByte" : null,
						"contentType" : "image/jpeg",
						"url" : "https://roofstock-cdn.azureedge.net/public/properties/1625009/photo/a5eccfbf-b72d-4f6b-8aae-a7ce9c0f3725_9-back_porch_1280.jpg",
						"urlMedium" : "https://roofstock-cdn.azureedge.net/public/properties/1625009/photo/a5eccfbf-b72d-4f6b-8aae-a7ce9c0f3725_9-back_porch_640.jpg",
						"urlSmall" : "https://roofstock-cdn.azureedge.net/public/properties/1625009/photo/a5eccfbf-b72d-4f6b-8aae-a7ce9c0f3725_9-back_porch_320.jpg",
						"textContent" : null
					}
				],
				"floorPlans" : [{
						"id" : 118723,
						"guid" : "0927ad26-5cde-4cf0-b982-f7e213e7fdc5",
						"resourceType" : "PropertyFloorPlan",
						"isPublic" : true,
						"description" : null,
						"filename" : "im-1762-glenridge_1280.jpg",
						"sizeInByte" : null,
						"contentType" : "image/jpeg",
						"url" : "https://roofstock-cdn.azureedge.net/public/properties/1625009/photo/0927ad26-5cde-4cf0-b982-f7e213e7fdc5_im-1762-glenridge_1280.jpg",
						"urlMedium" : "https://roofstock-cdn.azureedge.net/public/properties/1625009/photo/0927ad26-5cde-4cf0-b982-f7e213e7fdc5_im-1762-glenridge_640.jpg",
						"urlSmall" : "https://roofstock-cdn.azureedge.net/public/properties/1625009/photo/0927ad26-5cde-4cf0-b982-f7e213e7fdc5_im-1762-glenridge_320.jpg",
						"textContent" : null
					}
				],
				"threeDRenderings" : [{
						"id" : 118725,
						"guid" : "3daa239b-a637-4d55-8fb4-fff307e2c64f",
						"resourceType" : "Property3DTour",
						"isPublic" : true,
						"description" : null,
						"filename" : "1762_NWGlenridgeStreet_480p.mp4",
						"sizeInByte" : null,
						"contentType" : "application/octet-stream",
						"url" : "https://rs1pub1content.blob.core.windows.net/public/properties/1625009/photo/3daa239b-a637-4d55-8fb4-fff307e2c64f_1762_NWGlenridgeStreet_480p.mp4",
						"urlMedium" : null,
						"urlSmall" : null,
						"textContent" : null
					}
				],
				"audios" : []
			},
			"manager" : null,
			"seller" : null,
			"sellerBroker" : null,
			"hoa" : null,
			"lease" : {
				"leaseSummary" : {
					"occupancy" : "Occupied",
					"leasingStatus" : null,
					"marketedRent" : null,
					"paymentStatus" : "Current",
					"leaseStartDate" : "2014-12-01T00:00:00",
					"leaseEndDate" : "2016-01-31T00:00:00",
					"monthlyRent" : 850.00,
					"securityDepositAmount" : 1238.00,
					"hasPet" : null,
					"petFeeAmount" : null,
					"isPetsDeposit" : false,
					"petsDepositAmount" : null,
					"isLeaseConcessions" : null,
					"isRentersInsuranceRequired" : true,
					"isSection8" : false,
					"isTenantBackgroundChecked" : true,
					"isTenantIncomeAbove3x" : true,
					"isTenantMayTerminateEarly" : null,
					"isTenantPurchaseOption" : null
				},
				"utilitiesOwnership" : {
					"electric" : "Tenant",
					"gas" : "Tenant",
					"water" : "Tenant",
					"garbage" : "Tenant",
					"pool" : "NotApplicable",
					"landscaping" : "Tenant",
					"pestControl" : "Tenant"
				},
				"applianceOwnership" : {
					"refrigerator" : "Owner",
					"dishwasher" : "Owner",
					"washer" : "Tenant",
					"dryer" : "Tenant",
					"microwave" : "Owner",
					"stove" : "Owner"
				}
			},
			"diligences" : [],
			"googleMapOption" : {
				"hasStreetView" : true,
				"povHeading" : -179,
				"povPitch" : 0,
				"povLatitude" : 28.0190960000000,
				"povLongitude" : -80.7250450000000
			},
			"inspectionType" : null
		}, {
			"id" : 1625010,
			"accountId" : 100214,
			"buyerAccountId" : 100247,
			"buyerUserId" : 100350,
			"externalId" : null,
			"programId" : null,
			"isDwellCertified" : false,
			"isAllowOffer" : false,
			"isAllowPreview" : false,
			"isFeatured" : false,
			"isRentGuaranteed" : false,
			"allowRentGuaranteedOptout" : false,
			"isSecuritized" : false,
			"isHot" : true,
			"isNew" : false,
			"isBargain" : false,
			"isDiligenceVaultUnlocked" : false,
			"isPropertyManagerOfferRetain" : false,
			"isHoa" : false,
			"hasAudio" : false,
			"hasDiligenceVaultDocuments" : true,
			"market" : 1001,
			"daysOnMarket" : 56,
			"latitude" : 28.0149100000000,
			"longitude" : -80.7030600000000,
			"propertyName" : null,
			"description" : "\r\n* List price is approximately 60% of peak value from late 2006\r\n* Estimated market rent is $80/month above current rent\r\n* Rent increased to $970 on 10/27/2015\r\n* 5 miles from melbourne beach & 10 miles from orlando/melbourne international airport\r\n\r\n\r\n",
			"highlights" : null,
			"mainImageUrl" : "https://roofstock-cdn.azureedge.net/public/properties/1625010/photo/5a1bc5e6-08fb-4a26-a65a-cc118f27a67e_1_-_img1366x768-2_640.jpg",
			"personalProperties" : null,
			"diligenceVaultSummary" : "<ul><li>Property Valuation:<br/>$109,000</li><li>Estimated Market Rent: $1,040</li><li>Inspection Report:<br/>Estimated Repairs: $1,425</li></ul>",
			"featuredReason" : null,
			"status" : "Sold",
			"allowedFundingTypes" : "All",
			"allowableSaleTypes" : "Individual, Bulk",
			"visibility" : "Public",
			"priceVisibility" : "ShowPrice",
			"propertyType" : "Unspecified",
			"certificationLevel" : "Certified",
			"escrowClosingDate" : "2016-03-06T00:00:00Z",
			"address" : {
				"address1" : "726 Lime Avenue NW",
				"address2" : null,
				"city" : "Palm Bay",
				"country" : "USA",
				"county" : null,
				"district" : null,
				"state" : "FL",
				"zip" : "32907",
				"zipPlus4" : null
			},
			"financial" : {
				"capRate" : null,
				"occupancy" : "Occupied",
				"isSection8" : false,
				"leaseStartDate" : "2014-10-27T00:00:00",
				"leaseEndDate" : "2016-04-26T00:00:00",
				"listPrice" : 104000.00,
				"salePrice" : null,
				"marketValue" : null,
				"monthlyHoa" : null,
				"monthlyManagementFees" : null,
				"monthlyRent" : 970.00,
				"netYield" : null,
				"turnOverFee" : null,
				"rehabCosts" : null,
				"rehabDate" : null,
				"yearlyInsuranceCost" : 999.00,
				"yearlyPropertyTaxes" : 2160.00,
				"isCashOnly" : false
			},
			"physical" : {
				"bathRooms" : 2.0,
				"bedRooms" : 3.0,
				"parcelNumber" : "28 3626KN021490000800 ",
				"isPool" : false,
				"lotSize" : 10454,
				"squareFeet" : 1346,
				"stories" : null,
				"units" : null,
				"yearBuilt" : 1986,
				"zipYearBuilt" : null
			},
			"score" : {
				"conditionScore" : null,
				"crimeScore" : "B",
				"neighborhoodScore" : 4,
				"overallScore" : null,
				"qualityScore" : null,
				"schoolScore" : "B",
				"charterSchoolScore" : null,
				"floodRiskScore" : null,
				"walkabilityScore" : null
			},
			"valuation" : {
				"avmBpoValue" : null,
				"avmBpoAdjValue" : null,
				"avmBpoDate" : null,
				"rsAvmValue" : 110000.00,
				"rsAvmDate" : null,
				"rsBpoMergeValue" : 109000.00
			},
			"resources" : {
				"photos" : [{
						"id" : 122553,
						"guid" : "5a1bc5e6-08fb-4a26-a65a-cc118f27a67e",
						"resourceType" : "PropertyPhoto",
						"isPublic" : true,
						"description" : null,
						"filename" : "1 - img1366x768-2_1280.jpg",
						"sizeInByte" : null,
						"contentType" : "image/jpeg",
						"url" : "https://roofstock-cdn.azureedge.net/public/properties/1625010/photo/5a1bc5e6-08fb-4a26-a65a-cc118f27a67e_1_-_img1366x768-2_1280.jpg",
						"urlMedium" : "https://roofstock-cdn.azureedge.net/public/properties/1625010/photo/5a1bc5e6-08fb-4a26-a65a-cc118f27a67e_1_-_img1366x768-2_640.jpg",
						"urlSmall" : "https://roofstock-cdn.azureedge.net/public/properties/1625010/photo/5a1bc5e6-08fb-4a26-a65a-cc118f27a67e_1_-_img1366x768-2_320.jpg",
						"textContent" : null
					}, {
						"id" : 122555,
						"guid" : "bb927da2-0b19-48b9-859a-0aa63ca77e86",
						"resourceType" : "PropertyPhoto",
						"isPublic" : true,
						"description" : null,
						"filename" : "2 - kitchen_1280.jpg",
						"sizeInByte" : null,
						"contentType" : "image/jpeg",
						"url" : "https://roofstock-cdn.azureedge.net/public/properties/1625010/photo/bb927da2-0b19-48b9-859a-0aa63ca77e86_2_-_kitchen_1280.jpg",
						"urlMedium" : "https://roofstock-cdn.azureedge.net/public/properties/1625010/photo/bb927da2-0b19-48b9-859a-0aa63ca77e86_2_-_kitchen_640.jpg",
						"urlSmall" : "https://roofstock-cdn.azureedge.net/public/properties/1625010/photo/bb927da2-0b19-48b9-859a-0aa63ca77e86_2_-_kitchen_320.jpg",
						"textContent" : null
					}, {
						"id" : 122557,
						"guid" : "2091c6f5-e280-41f8-83b6-2e32b053e668",
						"resourceType" : "PropertyPhoto",
						"isPublic" : true,
						"description" : null,
						"filename" : "3 _1280.jpg",
						"sizeInByte" : null,
						"contentType" : "image/jpeg",
						"url" : "https://roofstock-cdn.azureedge.net/public/properties/1625010/photo/2091c6f5-e280-41f8-83b6-2e32b053e668_3__1280.jpg",
						"urlMedium" : "https://roofstock-cdn.azureedge.net/public/properties/1625010/photo/2091c6f5-e280-41f8-83b6-2e32b053e668_3__640.jpg",
						"urlSmall" : "https://roofstock-cdn.azureedge.net/public/properties/1625010/photo/2091c6f5-e280-41f8-83b6-2e32b053e668_3__320.jpg",
						"textContent" : null
					}, {
						"id" : 122559,
						"guid" : "a81f65bd-e300-46b7-90a7-be93605c03ad",
						"resourceType" : "PropertyPhoto",
						"isPublic" : true,
						"description" : null,
						"filename" : "4- 726 Lime Avenue NW-2_1280.jpg",
						"sizeInByte" : null,
						"contentType" : "image/jpeg",
						"url" : "https://roofstock-cdn.azureedge.net/public/properties/1625010/photo/a81f65bd-e300-46b7-90a7-be93605c03ad_4-_726_Lime_Avenue_NW-2_1280.jpg",
						"urlMedium" : "https://roofstock-cdn.azureedge.net/public/properties/1625010/photo/a81f65bd-e300-46b7-90a7-be93605c03ad_4-_726_Lime_Avenue_NW-2_640.jpg",
						"urlSmall" : "https://roofstock-cdn.azureedge.net/public/properties/1625010/photo/a81f65bd-e300-46b7-90a7-be93605c03ad_4-_726_Lime_Avenue_NW-2_320.jpg",
						"textContent" : null
					}, {
						"id" : 122561,
						"guid" : "4c823cca-ce71-453e-8634-7da675303814",
						"resourceType" : "PropertyPhoto",
						"isPublic" : true,
						"description" : null,
						"filename" : "5bathroom_1280.jpg",
						"sizeInByte" : null,
						"contentType" : "image/jpeg",
						"url" : "https://roofstock-cdn.azureedge.net/public/properties/1625010/photo/4c823cca-ce71-453e-8634-7da675303814_5bathroom_1280.jpg",
						"urlMedium" : "https://roofstock-cdn.azureedge.net/public/properties/1625010/photo/4c823cca-ce71-453e-8634-7da675303814_5bathroom_640.jpg",
						"urlSmall" : "https://roofstock-cdn.azureedge.net/public/properties/1625010/photo/4c823cca-ce71-453e-8634-7da675303814_5bathroom_320.jpg",
						"textContent" : null
					}
				],
				"floorPlans" : [{
						"id" : 118753,
						"guid" : "62bc8367-de82-4925-8139-fe31f10f5665",
						"resourceType" : "PropertyFloorPlan",
						"isPublic" : true,
						"description" : null,
						"filename" : "im-726-lime_1280.jpg",
						"sizeInByte" : null,
						"contentType" : "image/jpeg",
						"url" : "https://roofstock-cdn.azureedge.net/public/properties/1625010/photo/62bc8367-de82-4925-8139-fe31f10f5665_im-726-lime_1280.jpg",
						"urlMedium" : "https://roofstock-cdn.azureedge.net/public/properties/1625010/photo/62bc8367-de82-4925-8139-fe31f10f5665_im-726-lime_640.jpg",
						"urlSmall" : "https://roofstock-cdn.azureedge.net/public/properties/1625010/photo/62bc8367-de82-4925-8139-fe31f10f5665_im-726-lime_320.jpg",
						"textContent" : null
					}
				],
				"threeDRenderings" : [{
						"id" : 118755,
						"guid" : "77ddfc6c-e95d-49e8-bd8f-77ef255750d1",
						"resourceType" : "Property3DTour",
						"isPublic" : true,
						"description" : null,
						"filename" : "726_LimeAvenueNW_480p.mp4",
						"sizeInByte" : null,
						"contentType" : "application/octet-stream",
						"url" : "https://rs1pub1content.blob.core.windows.net/public/properties/1625010/photo/77ddfc6c-e95d-49e8-bd8f-77ef255750d1_726_LimeAvenueNW_480p.mp4",
						"urlMedium" : null,
						"urlSmall" : null,
						"textContent" : null
					}
				],
				"audios" : []
			},
			"manager" : null,
			"seller" : null,
			"sellerBroker" : null,
			"hoa" : null,
			"lease" : {
				"leaseSummary" : {
					"occupancy" : "Occupied",
					"leasingStatus" : null,
					"marketedRent" : null,
					"paymentStatus" : "Current",
					"leaseStartDate" : "2014-10-27T00:00:00",
					"leaseEndDate" : "2016-04-26T00:00:00",
					"monthlyRent" : 970.00,
					"securityDepositAmount" : 940.00,
					"hasPet" : null,
					"petFeeAmount" : null,
					"isPetsDeposit" : false,
					"petsDepositAmount" : null,
					"isLeaseConcessions" : null,
					"isRentersInsuranceRequired" : true,
					"isSection8" : false,
					"isTenantBackgroundChecked" : true,
					"isTenantIncomeAbove3x" : true,
					"isTenantMayTerminateEarly" : null,
					"isTenantPurchaseOption" : null
				},
				"utilitiesOwnership" : {
					"electric" : "Tenant",
					"gas" : "Tenant",
					"water" : "Tenant",
					"garbage" : "Tenant",
					"pool" : "NotApplicable",
					"landscaping" : "Tenant",
					"pestControl" : "Tenant"
				},
				"applianceOwnership" : {
					"refrigerator" : "Owner",
					"dishwasher" : "Owner",
					"washer" : "Tenant",
					"dryer" : "Tenant",
					"microwave" : "Owner",
					"stove" : "Owner"
				}
			},
			"diligences" : [],
			"googleMapOption" : {
				"hasStreetView" : true,
				"povHeading" : 94,
				"povPitch" : 0,
				"povLatitude" : 28.0149100000000,
				"povLongitude" : -80.7030599000000
			},
			"inspectionType" : null
		}, {
			"id" : 1625011,
			"accountId" : 100214,
			"buyerAccountId" : 100247,
			"buyerUserId" : 100350,
			"externalId" : null,
			"programId" : null,
			"isDwellCertified" : false,
			"isAllowOffer" : false,
			"isAllowPreview" : false,
			"isFeatured" : false,
			"isRentGuaranteed" : false,
			"allowRentGuaranteedOptout" : false,
			"isSecuritized" : false,
			"isHot" : true,
			"isNew" : false,
			"isBargain" : false,
			"isDiligenceVaultUnlocked" : false,
			"isPropertyManagerOfferRetain" : false,
			"isHoa" : false,
			"hasAudio" : false,
			"hasDiligenceVaultDocuments" : false,
			"market" : 1001,
			"daysOnMarket" : 56,
			"latitude" : 28.4736600000000,
			"longitude" : -80.7877300000000,
			"propertyName" : null,
			"description" : "\r\n* List price is approximately 60% of peak value from mid-2006\r\n* Estimated market rent is $170/month above current rent\r\n* Per inspection report roof has more than ten years of remaining life\r\n* 20 miles from Cape Canaveral Air Force Station & 20 miles from Cocoa Beach\r\n",
			"highlights" : null,
			"mainImageUrl" : "https://roofstock-cdn.azureedge.net/public/properties/1625011/photo/01178d1e-af9b-4c75-ab46-0d097fb7d9ac_1_-_front_exterior_640.jpg",
			"personalProperties" : null,
			"diligenceVaultSummary" : "<ul><li>Property Valuation:<br/>$128,000</li><li>Estimated Market Rent: $1,140</li><li>Inspection Report:<br/>Estimated Repairs: $475</li></ul>",
			"featuredReason" : null,
			"status" : "Sold",
			"allowedFundingTypes" : "All",
			"allowableSaleTypes" : "Individual, Bulk",
			"visibility" : "Public",
			"priceVisibility" : "ShowPrice",
			"propertyType" : "Unspecified",
			"certificationLevel" : "Certified",
			"escrowClosingDate" : "2016-03-06T00:00:00Z",
			"address" : {
				"address1" : "4200 Skyway Dr",
				"address2" : null,
				"city" : "Cocoa",
				"country" : "USA",
				"county" : "Brevard",
				"district" : null,
				"state" : "FL",
				"zip" : "32927",
				"zipPlus4" : "8661"
			},
			"financial" : {
				"capRate" : null,
				"occupancy" : "Occupied",
				"isSection8" : false,
				"leaseStartDate" : "2015-02-14T00:00:00",
				"leaseEndDate" : "2016-02-13T00:00:00",
				"listPrice" : 114000.00,
				"salePrice" : null,
				"marketValue" : null,
				"monthlyHoa" : null,
				"monthlyManagementFees" : null,
				"monthlyRent" : 920.00,
				"netYield" : null,
				"turnOverFee" : null,
				"rehabCosts" : null,
				"rehabDate" : null,
				"yearlyInsuranceCost" : 999.00,
				"yearlyPropertyTaxes" : 2127.00,
				"isCashOnly" : false
			},
			"physical" : {
				"bathRooms" : 2.0,
				"bedRooms" : 3.0,
				"parcelNumber" : "23-35-23-JM-00052.0-0007.00",
				"isPool" : false,
				"lotSize" : 11761,
				"squareFeet" : 1438,
				"stories" : null,
				"units" : null,
				"yearBuilt" : 1987,
				"zipYearBuilt" : null
			},
			"score" : {
				"conditionScore" : null,
				"crimeScore" : "D-",
				"neighborhoodScore" : 5,
				"overallScore" : null,
				"qualityScore" : null,
				"schoolScore" : "B+",
				"charterSchoolScore" : "A-",
				"floodRiskScore" : null,
				"walkabilityScore" : null
			},
			"valuation" : {
				"avmBpoValue" : null,
				"avmBpoAdjValue" : null,
				"avmBpoDate" : null,
				"rsAvmValue" : 120000.00,
				"rsAvmDate" : null,
				"rsBpoMergeValue" : 128000.00
			},
			"resources" : {
				"photos" : [],
				"floorPlans" : [],
				"threeDRenderings" : [],
				"audios" : []
			},
			"manager" : null,
			"seller" : null,
			"sellerBroker" : null,
			"hoa" : null,
			"lease" : {
				"leaseSummary" : {
					"occupancy" : "Occupied",
					"leasingStatus" : null,
					"marketedRent" : null,
					"paymentStatus" : "Current",
					"leaseStartDate" : "2015-02-14T00:00:00",
					"leaseEndDate" : "2016-02-13T00:00:00",
					"monthlyRent" : 920.00,
					"securityDepositAmount" : 1750.00,
					"hasPet" : null,
					"petFeeAmount" : null,
					"isPetsDeposit" : true,
					"petsDepositAmount" : 0.00,
					"isLeaseConcessions" : null,
					"isRentersInsuranceRequired" : true,
					"isSection8" : false,
					"isTenantBackgroundChecked" : true,
					"isTenantIncomeAbove3x" : true,
					"isTenantMayTerminateEarly" : null,
					"isTenantPurchaseOption" : null
				},
				"utilitiesOwnership" : {
					"electric" : "Tenant",
					"gas" : "Tenant",
					"water" : "Tenant",
					"garbage" : "Tenant",
					"pool" : "NotApplicable",
					"landscaping" : "Tenant",
					"pestControl" : "Tenant"
				},
				"applianceOwnership" : {
					"refrigerator" : "Owner",
					"dishwasher" : "Owner",
					"washer" : "Tenant",
					"dryer" : "Tenant",
					"microwave" : "Tenant",
					"stove" : "Owner"
				}
			},
			"diligences" : [],
			"googleMapOption" : {
				"hasStreetView" : true,
				"povHeading" : -4,
				"povPitch" : 0,
				"povLatitude" : 28.4736580000000,
				"povLongitude" : -80.7877340000000
			},
			"inspectionType" : null
		}, {
			"id" : 1625012,
			"accountId" : 100214,
			"buyerAccountId" : 101076,
			"buyerUserId" : 101236,
			"externalId" : null,
			"programId" : null,
			"isDwellCertified" : false,
			"isAllowOffer" : false,
			"isAllowPreview" : false,
			"isFeatured" : false,
			"isRentGuaranteed" : false,
			"allowRentGuaranteedOptout" : false,
			"isSecuritized" : false,
			"isHot" : true,
			"isNew" : false,
			"isBargain" : false,
			"isDiligenceVaultUnlocked" : false,
			"isPropertyManagerOfferRetain" : false,
			"isHoa" : false,
			"hasAudio" : false,
			"hasDiligenceVaultDocuments" : true,
			"market" : 1001,
			"daysOnMarket" : 95,
			"latitude" : 28.1602200000000,
			"longitude" : -80.6472000000000,
			"propertyName" : null,
			"description" : "\r\n* List price is approximately 60% of peak value from late 2006\r\n* Per inspection report roof has 1-3 years of estimated remaining life. List price has taken this into account.\r\n* Estimated market rent is well above current rent\r\n* 6.5 miles from Indian Harbour Beach & 15 miles from Cocoa Beach\r\n\r\n",
			"highlights" : null,
			"mainImageUrl" : "https://roofstock-cdn.azureedge.net/public/properties/1625012/photo/477c17c1-7784-4055-87a6-ef25505e82ac_1_-_Frontimg1366x768-0_640.jpg",
			"personalProperties" : null,
			"diligenceVaultSummary" : "<ul><li>Property Valuation:<br/>$124,000</li><li>Estimated Market Rent: $1,200</li><li>Inspection Report:<br/>Estimated Repairs: $700</li></ul>",
			"featuredReason" : null,
			"status" : "Sold",
			"allowedFundingTypes" : "All",
			"allowableSaleTypes" : "Individual, Bulk",
			"visibility" : "Public",
			"priceVisibility" : "ShowPrice",
			"propertyType" : "Unspecified",
			"certificationLevel" : "Certified",
			"escrowClosingDate" : "2016-04-25T17:00:00Z",
			"address" : {
				"address1" : "3281 Kent Drive",
				"address2" : null,
				"city" : "Melbourne",
				"country" : "USA",
				"county" : null,
				"district" : null,
				"state" : "FL",
				"zip" : "32935",
				"zipPlus4" : null
			},
			"financial" : {
				"capRate" : null,
				"occupancy" : "Occupied",
				"isSection8" : false,
				"leaseStartDate" : "2014-10-15T00:00:00",
				"leaseEndDate" : "2016-04-14T00:00:00",
				"listPrice" : 120000.00,
				"salePrice" : null,
				"marketValue" : null,
				"monthlyHoa" : null,
				"monthlyManagementFees" : null,
				"monthlyRent" : 1025.00,
				"netYield" : null,
				"turnOverFee" : null,
				"rehabCosts" : null,
				"rehabDate" : null,
				"yearlyInsuranceCost" : 999.00,
				"yearlyPropertyTaxes" : 2291.00,
				"isCashOnly" : false
			},
			"physical" : {
				"bathRooms" : 2.0,
				"bedRooms" : 4.0,
				"parcelNumber" : "27 370550000040000500",
				"isPool" : false,
				"lotSize" : 7840,
				"squareFeet" : 1492,
				"stories" : null,
				"units" : null,
				"yearBuilt" : 1977,
				"zipYearBuilt" : null
			},
			"score" : {
				"conditionScore" : null,
				"crimeScore" : "C+",
				"neighborhoodScore" : 4,
				"overallScore" : null,
				"qualityScore" : null,
				"schoolScore" : "B",
				"charterSchoolScore" : null,
				"floodRiskScore" : null,
				"walkabilityScore" : null
			},
			"valuation" : {
				"avmBpoValue" : null,
				"avmBpoAdjValue" : null,
				"avmBpoDate" : null,
				"rsAvmValue" : 120000.00,
				"rsAvmDate" : null,
				"rsBpoMergeValue" : 124000.00
			},
			"resources" : {
				"photos" : [{
						"id" : 122577,
						"guid" : "477c17c1-7784-4055-87a6-ef25505e82ac",
						"resourceType" : "PropertyPhoto",
						"isPublic" : true,
						"description" : null,
						"filename" : "1 - Frontimg1366x768-0_1280.jpg",
						"sizeInByte" : null,
						"contentType" : "image/jpeg",
						"url" : "https://roofstock-cdn.azureedge.net/public/properties/1625012/photo/477c17c1-7784-4055-87a6-ef25505e82ac_1_-_Frontimg1366x768-0_1280.jpg",
						"urlMedium" : "https://roofstock-cdn.azureedge.net/public/properties/1625012/photo/477c17c1-7784-4055-87a6-ef25505e82ac_1_-_Frontimg1366x768-0_640.jpg",
						"urlSmall" : "https://roofstock-cdn.azureedge.net/public/properties/1625012/photo/477c17c1-7784-4055-87a6-ef25505e82ac_1_-_Frontimg1366x768-0_320.jpg",
						"textContent" : null
					}, {
						"id" : 122579,
						"guid" : "8948d553-38c3-47e8-9d18-beecd58b7981",
						"resourceType" : "PropertyPhoto",
						"isPublic" : true,
						"description" : null,
						"filename" : "2 - kitchen_1280.jpg",
						"sizeInByte" : null,
						"contentType" : "image/jpeg",
						"url" : "https://roofstock-cdn.azureedge.net/public/properties/1625012/photo/8948d553-38c3-47e8-9d18-beecd58b7981_2_-_kitchen_1280.jpg",
						"urlMedium" : "https://roofstock-cdn.azureedge.net/public/properties/1625012/photo/8948d553-38c3-47e8-9d18-beecd58b7981_2_-_kitchen_640.jpg",
						"urlSmall" : "https://roofstock-cdn.azureedge.net/public/properties/1625012/photo/8948d553-38c3-47e8-9d18-beecd58b7981_2_-_kitchen_320.jpg",
						"textContent" : null
					}, {
						"id" : 122581,
						"guid" : "a14d7149-f87c-4e30-bcfe-0fd05c413cd1",
						"resourceType" : "PropertyPhoto",
						"isPublic" : true,
						"description" : null,
						"filename" : "3-dinning kitchen_1280.jpg",
						"sizeInByte" : null,
						"contentType" : "image/jpeg",
						"url" : "https://roofstock-cdn.azureedge.net/public/properties/1625012/photo/a14d7149-f87c-4e30-bcfe-0fd05c413cd1_3-dinning_kitchen_1280.jpg",
						"urlMedium" : "https://roofstock-cdn.azureedge.net/public/properties/1625012/photo/a14d7149-f87c-4e30-bcfe-0fd05c413cd1_3-dinning_kitchen_640.jpg",
						"urlSmall" : "https://roofstock-cdn.azureedge.net/public/properties/1625012/photo/a14d7149-f87c-4e30-bcfe-0fd05c413cd1_3-dinning_kitchen_320.jpg",
						"textContent" : null
					}, {
						"id" : 122583,
						"guid" : "1b29dacc-e9f4-489d-9228-f308cd4c6e46",
						"resourceType" : "PropertyPhoto",
						"isPublic" : true,
						"description" : null,
						"filename" : "4- 3281 Kent Drive_1280.jpg",
						"sizeInByte" : null,
						"contentType" : "image/jpeg",
						"url" : "https://roofstock-cdn.azureedge.net/public/properties/1625012/photo/1b29dacc-e9f4-489d-9228-f308cd4c6e46_4-_3281_Kent_Drive_1280.jpg",
						"urlMedium" : "https://roofstock-cdn.azureedge.net/public/properties/1625012/photo/1b29dacc-e9f4-489d-9228-f308cd4c6e46_4-_3281_Kent_Drive_640.jpg",
						"urlSmall" : "https://roofstock-cdn.azureedge.net/public/properties/1625012/photo/1b29dacc-e9f4-489d-9228-f308cd4c6e46_4-_3281_Kent_Drive_320.jpg",
						"textContent" : null
					}, {
						"id" : 122585,
						"guid" : "3cf3ad35-ca2f-4322-a362-d912af01d8b7",
						"resourceType" : "PropertyPhoto",
						"isPublic" : true,
						"description" : null,
						"filename" : "5 - Bathroom_1280.jpg",
						"sizeInByte" : null,
						"contentType" : "image/jpeg",
						"url" : "https://roofstock-cdn.azureedge.net/public/properties/1625012/photo/3cf3ad35-ca2f-4322-a362-d912af01d8b7_5_-_Bathroom_1280.jpg",
						"urlMedium" : "https://roofstock-cdn.azureedge.net/public/properties/1625012/photo/3cf3ad35-ca2f-4322-a362-d912af01d8b7_5_-_Bathroom_640.jpg",
						"urlSmall" : "https://roofstock-cdn.azureedge.net/public/properties/1625012/photo/3cf3ad35-ca2f-4322-a362-d912af01d8b7_5_-_Bathroom_320.jpg",
						"textContent" : null
					}
				],
				"floorPlans" : [{
						"id" : 118805,
						"guid" : "5eb2494c-2ecc-44a4-bc29-b3757f1c2308",
						"resourceType" : "PropertyFloorPlan",
						"isPublic" : true,
						"description" : null,
						"filename" : "im-3281-kent_1280.jpg",
						"sizeInByte" : null,
						"contentType" : "image/jpeg",
						"url" : "https://roofstock-cdn.azureedge.net/public/properties/1625012/photo/5eb2494c-2ecc-44a4-bc29-b3757f1c2308_im-3281-kent_1280.jpg",
						"urlMedium" : "https://roofstock-cdn.azureedge.net/public/properties/1625012/photo/5eb2494c-2ecc-44a4-bc29-b3757f1c2308_im-3281-kent_640.jpg",
						"urlSmall" : "https://roofstock-cdn.azureedge.net/public/properties/1625012/photo/5eb2494c-2ecc-44a4-bc29-b3757f1c2308_im-3281-kent_320.jpg",
						"textContent" : null
					}
				],
				"threeDRenderings" : [{
						"id" : 118807,
						"guid" : "fbba169f-b3f6-4422-a9f6-cf251d0d108a",
						"resourceType" : "Property3DTour",
						"isPublic" : true,
						"description" : null,
						"filename" : "3281 Kent Drive_480p.mp4",
						"sizeInByte" : null,
						"contentType" : "application/octet-stream",
						"url" : "https://rs1pub1content.blob.core.windows.net/public/properties/1625012/photo/fbba169f-b3f6-4422-a9f6-cf251d0d108a_3281_Kent_Drive_480p.mp4",
						"urlMedium" : null,
						"urlSmall" : null,
						"textContent" : null
					}
				],
				"audios" : []
			},
			"manager" : null,
			"seller" : null,
			"sellerBroker" : null,
			"hoa" : null,
			"lease" : {
				"leaseSummary" : {
					"occupancy" : "Occupied",
					"leasingStatus" : null,
					"marketedRent" : null,
					"paymentStatus" : "Current",
					"leaseStartDate" : "2014-10-15T00:00:00",
					"leaseEndDate" : "2016-04-14T00:00:00",
					"monthlyRent" : 1025.00,
					"securityDepositAmount" : 1200.00,
					"hasPet" : null,
					"petFeeAmount" : null,
					"isPetsDeposit" : true,
					"petsDepositAmount" : null,
					"isLeaseConcessions" : null,
					"isRentersInsuranceRequired" : true,
					"isSection8" : false,
					"isTenantBackgroundChecked" : true,
					"isTenantIncomeAbove3x" : true,
					"isTenantMayTerminateEarly" : null,
					"isTenantPurchaseOption" : null
				},
				"utilitiesOwnership" : {
					"electric" : "Tenant",
					"gas" : "Tenant",
					"water" : "Tenant",
					"garbage" : "Tenant",
					"pool" : "NotApplicable",
					"landscaping" : "Tenant",
					"pestControl" : "Tenant"
				},
				"applianceOwnership" : {
					"refrigerator" : "Owner",
					"dishwasher" : "Owner",
					"washer" : "Tenant",
					"dryer" : "Tenant",
					"microwave" : "Tenant",
					"stove" : "Owner"
				}
			},
			"diligences" : [],
			"googleMapOption" : {
				"hasStreetView" : true,
				"povHeading" : 79,
				"povPitch" : 0,
				"povLatitude" : 28.1602170000000,
				"povLongitude" : -80.6472019000000
			},
			"inspectionType" : null
		}, {
			"id" : 1625013,
			"accountId" : 100214,
			"buyerAccountId" : 100247,
			"buyerUserId" : 100350,
			"externalId" : null,
			"programId" : null,
			"isDwellCertified" : false,
			"isAllowOffer" : false,
			"isAllowPreview" : false,
			"isFeatured" : false,
			"isRentGuaranteed" : false,
			"allowRentGuaranteedOptout" : false,
			"isSecuritized" : false,
			"isHot" : true,
			"isNew" : false,
			"isBargain" : false,
			"isDiligenceVaultUnlocked" : false,
			"isPropertyManagerOfferRetain" : false,
			"isHoa" : false,
			"hasAudio" : false,
			"hasDiligenceVaultDocuments" : true,
			"market" : 1001,
			"daysOnMarket" : 56,
			"latitude" : 27.9274600000000,
			"longitude" : -80.6522900000000,
			"propertyName" : null,
			"description" : "\r\n* List price is approximately 65% of peak value from early 2007\r\n* Estimated market rent is $50.00/month above current rent\r\n* Per inspection report both the roof and a/c have more than ten years of remaining useful life\r\n* 20 miles from Melbourne Beach & 10 miles from the Florida Institute of Technology\r\n* Built in 2002\r\n",
			"highlights" : null,
			"mainImageUrl" : "https://roofstock-cdn.azureedge.net/public/properties/1625013/photo/6410835f-a97e-4388-bd46-0e2b82bc24c9_1_-_img1366x768-2_640.jpg",
			"personalProperties" : null,
			"diligenceVaultSummary" : "<ul><li>Property Valuation:<br/>$120,000</li><li>Estimated Market Rent: $1,040</li><li>Inspection Report:<br/>Estimated Repairs: $450</li></ul>",
			"featuredReason" : null,
			"status" : "Sold",
			"allowedFundingTypes" : "All",
			"allowableSaleTypes" : "Individual, Bulk",
			"visibility" : "Public",
			"priceVisibility" : "ShowPrice",
			"propertyType" : "Unspecified",
			"certificationLevel" : "Certified",
			"escrowClosingDate" : "2016-03-06T00:00:00Z",
			"address" : {
				"address1" : "718 Reading Street SE",
				"address2" : null,
				"city" : "Palm Bay",
				"country" : "USA",
				"county" : null,
				"district" : null,
				"state" : "FL",
				"zip" : "32909",
				"zipPlus4" : null
			},
			"financial" : {
				"capRate" : null,
				"occupancy" : "Occupied",
				"isSection8" : false,
				"leaseStartDate" : "2015-02-27T00:00:00",
				"leaseEndDate" : "2016-02-26T00:00:00",
				"listPrice" : 108000.00,
				"salePrice" : null,
				"marketValue" : null,
				"monthlyHoa" : null,
				"monthlyManagementFees" : null,
				"monthlyRent" : 950.00,
				"netYield" : null,
				"turnOverFee" : null,
				"rehabCosts" : null,
				"rehabDate" : null,
				"yearlyInsuranceCost" : null,
				"yearlyPropertyTaxes" : 2349.00,
				"isCashOnly" : false
			},
			"physical" : {
				"bathRooms" : 2.0,
				"bedRooms" : 3.0,
				"parcelNumber" : "29 3729GU011600000400 ",
				"isPool" : false,
				"lotSize" : 10018,
				"squareFeet" : 1461,
				"stories" : null,
				"units" : null,
				"yearBuilt" : 2002,
				"zipYearBuilt" : null
			},
			"score" : {
				"conditionScore" : null,
				"crimeScore" : "B",
				"neighborhoodScore" : 5,
				"overallScore" : null,
				"qualityScore" : null,
				"schoolScore" : "B+",
				"charterSchoolScore" : "B",
				"floodRiskScore" : null,
				"walkabilityScore" : null
			},
			"valuation" : {
				"avmBpoValue" : null,
				"avmBpoAdjValue" : null,
				"avmBpoDate" : null,
				"rsAvmValue" : 120000.00,
				"rsAvmDate" : null,
				"rsBpoMergeValue" : 120000.00
			},
			"resources" : {
				"photos" : [{
						"id" : 122587,
						"guid" : "6410835f-a97e-4388-bd46-0e2b82bc24c9",
						"resourceType" : "PropertyPhoto",
						"isPublic" : true,
						"description" : null,
						"filename" : "1 - img1366x768-2_1280.jpg",
						"sizeInByte" : null,
						"contentType" : "image/jpeg",
						"url" : "https://roofstock-cdn.azureedge.net/public/properties/1625013/photo/6410835f-a97e-4388-bd46-0e2b82bc24c9_1_-_img1366x768-2_1280.jpg",
						"urlMedium" : "https://roofstock-cdn.azureedge.net/public/properties/1625013/photo/6410835f-a97e-4388-bd46-0e2b82bc24c9_1_-_img1366x768-2_640.jpg",
						"urlSmall" : "https://roofstock-cdn.azureedge.net/public/properties/1625013/photo/6410835f-a97e-4388-bd46-0e2b82bc24c9_1_-_img1366x768-2_320.jpg",
						"textContent" : null
					}, {
						"id" : 122589,
						"guid" : "29a682d1-a331-4961-9a91-3233d37f37ff",
						"resourceType" : "PropertyPhoto",
						"isPublic" : true,
						"description" : null,
						"filename" : "2 - kitchen_1280.jpg",
						"sizeInByte" : null,
						"contentType" : "image/jpeg",
						"url" : "https://roofstock-cdn.azureedge.net/public/properties/1625013/photo/29a682d1-a331-4961-9a91-3233d37f37ff_2_-_kitchen_1280.jpg",
						"urlMedium" : "https://roofstock-cdn.azureedge.net/public/properties/1625013/photo/29a682d1-a331-4961-9a91-3233d37f37ff_2_-_kitchen_640.jpg",
						"urlSmall" : "https://roofstock-cdn.azureedge.net/public/properties/1625013/photo/29a682d1-a331-4961-9a91-3233d37f37ff_2_-_kitchen_320.jpg",
						"textContent" : null
					}, {
						"id" : 122591,
						"guid" : "fa81d63e-83dd-4004-863c-f2423d853fa2",
						"resourceType" : "PropertyPhoto",
						"isPublic" : true,
						"description" : null,
						"filename" : "3 living room1_1280.jpg",
						"sizeInByte" : null,
						"contentType" : "image/jpeg",
						"url" : "https://roofstock-cdn.azureedge.net/public/properties/1625013/photo/fa81d63e-83dd-4004-863c-f2423d853fa2_3_living_room1_1280.jpg",
						"urlMedium" : "https://roofstock-cdn.azureedge.net/public/properties/1625013/photo/fa81d63e-83dd-4004-863c-f2423d853fa2_3_living_room1_640.jpg",
						"urlSmall" : "https://roofstock-cdn.azureedge.net/public/properties/1625013/photo/fa81d63e-83dd-4004-863c-f2423d853fa2_3_living_room1_320.jpg",
						"textContent" : null
					}, {
						"id" : 122593,
						"guid" : "11908fce-576f-40fd-a52a-97429caa3fea",
						"resourceType" : "PropertyPhoto",
						"isPublic" : true,
						"description" : null,
						"filename" : "4 - _1280.jpg",
						"sizeInByte" : null,
						"contentType" : "image/jpeg",
						"url" : "https://roofstock-cdn.azureedge.net/public/properties/1625013/photo/11908fce-576f-40fd-a52a-97429caa3fea_4_-__1280.jpg",
						"urlMedium" : "https://roofstock-cdn.azureedge.net/public/properties/1625013/photo/11908fce-576f-40fd-a52a-97429caa3fea_4_-__640.jpg",
						"urlSmall" : "https://roofstock-cdn.azureedge.net/public/properties/1625013/photo/11908fce-576f-40fd-a52a-97429caa3fea_4_-__320.jpg",
						"textContent" : null
					}, {
						"id" : 122595,
						"guid" : "0f1d6479-d383-48c9-b8cf-e579d44be66a",
						"resourceType" : "PropertyPhoto",
						"isPublic" : true,
						"description" : null,
						"filename" : "5-room_1280.jpg",
						"sizeInByte" : null,
						"contentType" : "image/jpeg",
						"url" : "https://roofstock-cdn.azureedge.net/public/properties/1625013/photo/0f1d6479-d383-48c9-b8cf-e579d44be66a_5-room_1280.jpg",
						"urlMedium" : "https://roofstock-cdn.azureedge.net/public/properties/1625013/photo/0f1d6479-d383-48c9-b8cf-e579d44be66a_5-room_640.jpg",
						"urlSmall" : "https://roofstock-cdn.azureedge.net/public/properties/1625013/photo/0f1d6479-d383-48c9-b8cf-e579d44be66a_5-room_320.jpg",
						"textContent" : null
					}, {
						"id" : 122597,
						"guid" : "0a779120-4af7-43e7-ad20-9901fe4accb3",
						"resourceType" : "PropertyPhoto",
						"isPublic" : true,
						"description" : null,
						"filename" : "6bathroom1_1280.jpg",
						"sizeInByte" : null,
						"contentType" : "image/jpeg",
						"url" : "https://roofstock-cdn.azureedge.net/public/properties/1625013/photo/0a779120-4af7-43e7-ad20-9901fe4accb3_6bathroom1_1280.jpg",
						"urlMedium" : "https://roofstock-cdn.azureedge.net/public/properties/1625013/photo/0a779120-4af7-43e7-ad20-9901fe4accb3_6bathroom1_640.jpg",
						"urlSmall" : "https://roofstock-cdn.azureedge.net/public/properties/1625013/photo/0a779120-4af7-43e7-ad20-9901fe4accb3_6bathroom1_320.jpg",
						"textContent" : null
					}
				],
				"floorPlans" : [{
						"id" : 118829,
						"guid" : "c6531332-f4f1-4baf-be70-cfac06b5dc2d",
						"resourceType" : "PropertyFloorPlan",
						"isPublic" : true,
						"description" : null,
						"filename" : "im-718-reading_1280.jpg",
						"sizeInByte" : null,
						"contentType" : "image/jpeg",
						"url" : "https://roofstock-cdn.azureedge.net/public/properties/1625013/photo/c6531332-f4f1-4baf-be70-cfac06b5dc2d_im-718-reading_1280.jpg",
						"urlMedium" : "https://roofstock-cdn.azureedge.net/public/properties/1625013/photo/c6531332-f4f1-4baf-be70-cfac06b5dc2d_im-718-reading_640.jpg",
						"urlSmall" : "https://roofstock-cdn.azureedge.net/public/properties/1625013/photo/c6531332-f4f1-4baf-be70-cfac06b5dc2d_im-718-reading_320.jpg",
						"textContent" : null
					}
				],
				"threeDRenderings" : [{
						"id" : 118831,
						"guid" : "b69944cf-0533-45e2-879d-30fa67009788",
						"resourceType" : "Property3DTour",
						"isPublic" : true,
						"description" : null,
						"filename" : "718_ReadingSt_480p.mp4",
						"sizeInByte" : null,
						"contentType" : "application/octet-stream",
						"url" : "https://rs1pub1content.blob.core.windows.net/public/properties/1625013/photo/b69944cf-0533-45e2-879d-30fa67009788_718_ReadingSt_480p.mp4",
						"urlMedium" : null,
						"urlSmall" : null,
						"textContent" : null
					}
				],
				"audios" : []
			},
			"manager" : null,
			"seller" : null,
			"sellerBroker" : null,
			"hoa" : null,
			"lease" : {
				"leaseSummary" : {
					"occupancy" : "Occupied",
					"leasingStatus" : null,
					"marketedRent" : null,
					"paymentStatus" : "Current",
					"leaseStartDate" : "2015-02-27T00:00:00",
					"leaseEndDate" : "2016-02-26T00:00:00",
					"monthlyRent" : 950.00,
					"securityDepositAmount" : 950.00,
					"hasPet" : null,
					"petFeeAmount" : null,
					"isPetsDeposit" : true,
					"petsDepositAmount" : 0.00,
					"isLeaseConcessions" : null,
					"isRentersInsuranceRequired" : true,
					"isSection8" : false,
					"isTenantBackgroundChecked" : true,
					"isTenantIncomeAbove3x" : true,
					"isTenantMayTerminateEarly" : null,
					"isTenantPurchaseOption" : null
				},
				"utilitiesOwnership" : {
					"electric" : "Tenant",
					"gas" : "Tenant",
					"water" : "Tenant",
					"garbage" : "Tenant",
					"pool" : "NotApplicable",
					"landscaping" : "Tenant",
					"pestControl" : "Tenant"
				},
				"applianceOwnership" : {
					"refrigerator" : "Owner",
					"dishwasher" : "Owner",
					"washer" : "Tenant",
					"dryer" : "Tenant",
					"microwave" : "Owner",
					"stove" : "Owner"
				}
			},
			"diligences" : [],
			"googleMapOption" : {
				"hasStreetView" : true,
				"povHeading" : 136,
				"povPitch" : 0,
				"povLatitude" : 27.9274640000000,
				"povLongitude" : -80.6522890000000
			},
			"inspectionType" : null
		}, {
			"id" : 1625014,
			"accountId" : 100214,
			"buyerAccountId" : 100247,
			"buyerUserId" : 100350,
			"externalId" : null,
			"programId" : null,
			"isDwellCertified" : false,
			"isAllowOffer" : false,
			"isAllowPreview" : false,
			"isFeatured" : false,
			"isRentGuaranteed" : false,
			"allowRentGuaranteedOptout" : false,
			"isSecuritized" : false,
			"isHot" : true,
			"isNew" : false,
			"isBargain" : false,
			"isDiligenceVaultUnlocked" : false,
			"isPropertyManagerOfferRetain" : false,
			"isHoa" : false,
			"hasAudio" : false,
			"hasDiligenceVaultDocuments" : true,
			"market" : 1001,
			"daysOnMarket" : 56,
			"latitude" : 28.0001200000000,
			"longitude" : -80.6450600000000,
			"propertyName" : null,
			"description" : "\r\n* List price is approximately 60% of peak value from mid-2006\r\n* Estimated market rent is $150/month above current rent\r\n* Less than 2 miles from Eastern Florida State College & 15 miles from Melbourne Beach\r\n",
			"highlights" : null,
			"mainImageUrl" : "https://roofstock-cdn.azureedge.net/public/properties/1625014/photo/198e7500-62bc-4696-8a00-72be6155b491_1_-_img1366x768-1_640.jpg",
			"personalProperties" : null,
			"diligenceVaultSummary" : "<ul><li>Property Valuation:<br/>$117,000</li><li>Estimated Market Rent: $980</li><li>Inspection Report:<br/>Estimated Repairs: $350</li></ul>",
			"featuredReason" : null,
			"status" : "Sold",
			"allowedFundingTypes" : "All",
			"allowableSaleTypes" : "Individual, Bulk",
			"visibility" : "Public",
			"priceVisibility" : "ShowPrice",
			"propertyType" : "Unspecified",
			"certificationLevel" : "Certified",
			"escrowClosingDate" : "2016-03-06T00:00:00Z",
			"address" : {
				"address1" : "971 Fairhaven Street NE",
				"address2" : null,
				"city" : "Palm Bay",
				"country" : "USA",
				"county" : null,
				"district" : null,
				"state" : "FL",
				"zip" : "32907",
				"zipPlus4" : null
			},
			"financial" : {
				"capRate" : null,
				"occupancy" : "Occupied",
				"isSection8" : false,
				"leaseStartDate" : "2014-09-02T00:00:00",
				"leaseEndDate" : "2016-09-01T00:00:00",
				"listPrice" : 100000.00,
				"salePrice" : null,
				"marketValue" : null,
				"monthlyHoa" : null,
				"monthlyManagementFees" : null,
				"monthlyRent" : 800.00,
				"netYield" : null,
				"turnOverFee" : null,
				"rehabCosts" : null,
				"rehabDate" : null,
				"yearlyInsuranceCost" : 999.00,
				"yearlyPropertyTaxes" : 2065.00,
				"isCashOnly" : false
			},
			"physical" : {
				"bathRooms" : 2.0,
				"bedRooms" : 3.0,
				"parcelNumber" : "28 3732FS002890002200",
				"isPool" : false,
				"lotSize" : 9583,
				"squareFeet" : 1140,
				"stories" : null,
				"units" : null,
				"yearBuilt" : 1992,
				"zipYearBuilt" : null
			},
			"score" : {
				"conditionScore" : null,
				"crimeScore" : "B",
				"neighborhoodScore" : 4,
				"overallScore" : null,
				"qualityScore" : null,
				"schoolScore" : "B",
				"charterSchoolScore" : null,
				"floodRiskScore" : null,
				"walkabilityScore" : null
			},
			"valuation" : {
				"avmBpoValue" : null,
				"avmBpoAdjValue" : null,
				"avmBpoDate" : null,
				"rsAvmValue" : 117000.00,
				"rsAvmDate" : null,
				"rsBpoMergeValue" : 117000.00
			},
			"resources" : {
				"photos" : [{
						"id" : 122599,
						"guid" : "198e7500-62bc-4696-8a00-72be6155b491",
						"resourceType" : "PropertyPhoto",
						"isPublic" : true,
						"description" : null,
						"filename" : "1 - img1366x768-1_1280.jpg",
						"sizeInByte" : null,
						"contentType" : "image/jpeg",
						"url" : "https://roofstock-cdn.azureedge.net/public/properties/1625014/photo/198e7500-62bc-4696-8a00-72be6155b491_1_-_img1366x768-1_1280.jpg",
						"urlMedium" : "https://roofstock-cdn.azureedge.net/public/properties/1625014/photo/198e7500-62bc-4696-8a00-72be6155b491_1_-_img1366x768-1_640.jpg",
						"urlSmall" : "https://roofstock-cdn.azureedge.net/public/properties/1625014/photo/198e7500-62bc-4696-8a00-72be6155b491_1_-_img1366x768-1_320.jpg",
						"textContent" : null
					}, {
						"id" : 122601,
						"guid" : "3cc86862-cb7d-4bc2-aec6-104b90ba5f34",
						"resourceType" : "PropertyPhoto",
						"isPublic" : true,
						"description" : null,
						"filename" : "2- range_1280.jpg",
						"sizeInByte" : null,
						"contentType" : "image/jpeg",
						"url" : "https://roofstock-cdn.azureedge.net/public/properties/1625014/photo/3cc86862-cb7d-4bc2-aec6-104b90ba5f34_2-_range_1280.jpg",
						"urlMedium" : "https://roofstock-cdn.azureedge.net/public/properties/1625014/photo/3cc86862-cb7d-4bc2-aec6-104b90ba5f34_2-_range_640.jpg",
						"urlSmall" : "https://roofstock-cdn.azureedge.net/public/properties/1625014/photo/3cc86862-cb7d-4bc2-aec6-104b90ba5f34_2-_range_320.jpg",
						"textContent" : null
					}, {
						"id" : 122603,
						"guid" : "a1708af2-a246-4673-9b24-0c215ab2179e",
						"resourceType" : "PropertyPhoto",
						"isPublic" : true,
						"description" : null,
						"filename" : "3 - master bedroom 1_1280.jpg",
						"sizeInByte" : null,
						"contentType" : "image/jpeg",
						"url" : "https://roofstock-cdn.azureedge.net/public/properties/1625014/photo/a1708af2-a246-4673-9b24-0c215ab2179e_3_-_master_bedroom_1_1280.jpg",
						"urlMedium" : "https://roofstock-cdn.azureedge.net/public/properties/1625014/photo/a1708af2-a246-4673-9b24-0c215ab2179e_3_-_master_bedroom_1_640.jpg",
						"urlSmall" : "https://roofstock-cdn.azureedge.net/public/properties/1625014/photo/a1708af2-a246-4673-9b24-0c215ab2179e_3_-_master_bedroom_1_320.jpg",
						"textContent" : null
					}, {
						"id" : 122605,
						"guid" : "22712e12-60b5-4a11-8391-19087bb188d2",
						"resourceType" : "PropertyPhoto",
						"isPublic" : true,
						"description" : null,
						"filename" : "4 - 971 Fairhaven Street NE-2_1280.jpg",
						"sizeInByte" : null,
						"contentType" : "image/jpeg",
						"url" : "https://roofstock-cdn.azureedge.net/public/properties/1625014/photo/22712e12-60b5-4a11-8391-19087bb188d2_4_-_971_Fairhaven_Street_NE-2_1280.jpg",
						"urlMedium" : "https://roofstock-cdn.azureedge.net/public/properties/1625014/photo/22712e12-60b5-4a11-8391-19087bb188d2_4_-_971_Fairhaven_Street_NE-2_640.jpg",
						"urlSmall" : "https://roofstock-cdn.azureedge.net/public/properties/1625014/photo/22712e12-60b5-4a11-8391-19087bb188d2_4_-_971_Fairhaven_Street_NE-2_320.jpg",
						"textContent" : null
					}
				],
				"floorPlans" : [{
						"id" : 118855,
						"guid" : "7757db77-dbe5-415f-a5aa-17739de0b078",
						"resourceType" : "PropertyFloorPlan",
						"isPublic" : true,
						"description" : null,
						"filename" : "971 Fairhaven_1280.jpg",
						"sizeInByte" : null,
						"contentType" : "image/jpeg",
						"url" : "https://roofstock-cdn.azureedge.net/public/properties/1625014/photo/7757db77-dbe5-415f-a5aa-17739de0b078_971_Fairhaven_1280.jpg",
						"urlMedium" : "https://roofstock-cdn.azureedge.net/public/properties/1625014/photo/7757db77-dbe5-415f-a5aa-17739de0b078_971_Fairhaven_640.jpg",
						"urlSmall" : "https://roofstock-cdn.azureedge.net/public/properties/1625014/photo/7757db77-dbe5-415f-a5aa-17739de0b078_971_Fairhaven_320.jpg",
						"textContent" : null
					}
				],
				"threeDRenderings" : [{
						"id" : 118857,
						"guid" : "d2cfa64c-db1f-4571-8438-03bd1f5f4c67",
						"resourceType" : "Property3DTour",
						"isPublic" : true,
						"description" : null,
						"filename" : "971_Fairhaven_Street_480p.mp4",
						"sizeInByte" : null,
						"contentType" : "application/octet-stream",
						"url" : "https://rs1pub1content.blob.core.windows.net/public/properties/1625014/photo/d2cfa64c-db1f-4571-8438-03bd1f5f4c67_971_Fairhaven_Street_480p.mp4",
						"urlMedium" : null,
						"urlSmall" : null,
						"textContent" : null
					}
				],
				"audios" : []
			},
			"manager" : null,
			"seller" : null,
			"sellerBroker" : null,
			"hoa" : null,
			"lease" : {
				"leaseSummary" : {
					"occupancy" : "Occupied",
					"leasingStatus" : null,
					"marketedRent" : null,
					"paymentStatus" : "Current",
					"leaseStartDate" : "2014-09-02T00:00:00",
					"leaseEndDate" : "2016-09-01T00:00:00",
					"monthlyRent" : 800.00,
					"securityDepositAmount" : 1200.00,
					"hasPet" : null,
					"petFeeAmount" : null,
					"isPetsDeposit" : false,
					"petsDepositAmount" : 0.00,
					"isLeaseConcessions" : null,
					"isRentersInsuranceRequired" : true,
					"isSection8" : false,
					"isTenantBackgroundChecked" : true,
					"isTenantIncomeAbove3x" : true,
					"isTenantMayTerminateEarly" : null,
					"isTenantPurchaseOption" : null
				},
				"utilitiesOwnership" : {
					"electric" : "Tenant",
					"gas" : "Tenant",
					"water" : "Tenant",
					"garbage" : "Tenant",
					"pool" : "NotApplicable",
					"landscaping" : "Tenant",
					"pestControl" : "Tenant"
				},
				"applianceOwnership" : {
					"refrigerator" : "Owner",
					"dishwasher" : "Owner",
					"washer" : "Tenant",
					"dryer" : "Tenant",
					"microwave" : "Owner",
					"stove" : "Owner"
				}
			},
			"diligences" : [],
			"googleMapOption" : {
				"hasStreetView" : true,
				"povHeading" : -7,
				"povPitch" : 0,
				"povLatitude" : 28.0001180000000,
				"povLongitude" : -80.6450570000000
			},
			"inspectionType" : null
		}, {
			"id" : 1625015,
			"accountId" : 0,
			"buyerAccountId" : null,
			"buyerUserId" : null,
			"externalId" : null,
			"programId" : null,
			"isDwellCertified" : false,
			"isAllowOffer" : false,
			"isAllowPreview" : false,
			"isFeatured" : false,
			"isRentGuaranteed" : false,
			"allowRentGuaranteedOptout" : false,
			"isSecuritized" : false,
			"isHot" : false,
			"isNew" : false,
			"isBargain" : null,
			"isDiligenceVaultUnlocked" : false,
			"isPropertyManagerOfferRetain" : null,
			"isHoa" : null,
			"hasAudio" : false,
			"hasDiligenceVaultDocuments" : false,
			"market" : 1001,
			"daysOnMarket" : null,
			"latitude" : null,
			"longitude" : null,
			"propertyName" : null,
			"description" : null,
			"highlights" : null,
			"mainImageUrl" : null,
			"personalProperties" : null,
			"diligenceVaultSummary" : null,
			"featuredReason" : null,
			"status" : "OffMarket",
			"allowedFundingTypes" : null,
			"allowableSaleTypes" : null,
			"visibility" : "None",
			"priceVisibility" : "ShowPrice",
			"propertyType" : "Unspecified",
			"certificationLevel" : null,
			"escrowClosingDate" : null,
			"address" : {
				"address1" : "1359 Carr Circle NE",
				"address2" : null,
				"city" : "Palm Bay",
				"country" : "USA",
				"county" : null,
				"district" : null,
				"state" : "FL",
				"zip" : "32905",
				"zipPlus4" : null
			},
			"financial" : null,
			"physical" : null,
			"score" : null,
			"valuation" : null,
			"resources" : null,
			"manager" : null,
			"seller" : null,
			"sellerBroker" : null,
			"hoa" : null,
			"lease" : null,
			"diligences" : null,
			"googleMapOption" : null,
			"inspectionType" : null
		}
	]
